Country,Year,Total_Population_January,Total_Population_July,Male_Population_July,Female_Population_July,Population_Density,Sex_Ratio,MedianAgePop,NatChange,NatChangeRT,PopChange,PopGrowthRate,Population_Doubling_Time,Births,Births1519,Crude_Birth_Rate,TFR,NRR,MAC,SRB,Deaths,DeathsMale,DeathsFemale,Crude_Death_Rate,LEx,LExMale,LExFemale,LE15,LE15Male,LE15Female,LE65,LE65Male,LE65Female,LE80,LE80Male,LE80Female,InfantDeaths,Infant_Mortality_Rate,LBsurvivingAge1,Under5Deaths,Q5,Q0040,Q0040Male,Q0040Female,Mortality_Under_60,Male_Mortality_Under_60,Female_Mortality_Under_60,Mortality_15_50,Male_Mortality_15_50,Female_Mortality_15_50,Mortality_15_60,Male_Mortality_15_60,Female_Mortality_15_60,Net_Migrations,Crude_Net_Migration_Rate
China,2011,1356031.233,1360250.664,696018.306,664232.358,141.6928,104.7854,34.5226,8855.061,6.51,8438.863,0.62,111.7979,17824.404,521.228,13.104,1.6683,0.7502,27.557,116.8,8969.343,5057.058,3912.285,6.594,75.8891,73.3343,78.6496,62.3873,59.8889,65.0679,16.7454,15.1901,18.2766,7.3865,6.511,8.0292,209.515,11.7488,17641.292,260.979,14.6748,41.2867,47.9304,33.9873,116.1003,146.082,84.5462,45.8687,58.3398,32.6878,97.8737,127.1071,67.374,-416.189,-0.306
China,2012,1364470.096,1369520.864,700783.226,668737.638,142.6584,104.792,34.852,10160.392,7.419,10101.537,0.738,93.9224,19246.445,531.82,14.053,1.7984,0.8114,27.636,116.4,9086.053,5133.283,3952.77,6.634,76.2,73.624,78.9814,62.5925,60.0697,65.2986,16.8811,15.3017,18.4391,7.449,6.5603,8.1079,207.198,10.8691,19063.903,255.12,13.5678,39.2672,45.6757,32.2153,112.9777,142.6021,81.7844,44.7174,56.9827,31.7375,96.043,124.9481,65.8549,-58.864,-0.043
China,2013,1374571.633,1379008.04,705638.491,673369.549,143.6467,104.7922,35.1413,9061.768,6.571,8872.815,0.643,107.7989,18297.106,491.285,13.268,1.714,0.7757,27.789,116.0,9235.338,5214.061,4021.277,6.697,76.4521,73.8809,79.2226,62.7473,60.2256,65.448,16.9769,15.3928,18.5393,7.4857,6.6,8.1468,185.395,10.0664,18136.684,230.488,12.5635,37.4797,43.6106,30.7229,110.3257,139.4028,79.6974,43.7473,55.7233,31.0583,94.5752,122.9741,64.8871,-188.951,-0.137
China,2014,1383444.448,1387951.972,710181.238,677770.734,144.5783,104.7819,35.4106,9386.154,6.762,9015.048,0.65,106.638,18769.423,479.331,13.523,1.7694,0.8037,27.896,115.5,9383.269,5308.917,4074.352,6.761,76.7143,74.1188,79.5104,62.9203,60.3713,65.6506,17.0824,15.4671,18.6774,7.5357,6.6354,8.214,174.526,9.33,18617.161,216.89,11.643,35.7877,41.7265,29.2312,107.6068,136.3697,77.2882,42.7009,54.4808,30.2011,92.945,121.0575,63.5207,-371.108,-0.267
China,2015,1392459.496,1396134.174,714291.69,681842.484,145.4306,104.759,35.6902,7996.3,5.728,7349.355,0.526,131.777,17518.179,423.387,12.548,1.6696,0.7609,28.081,115.0,9521.879,5393.546,4128.333,6.82,76.9755,74.3646,79.7847,63.0959,60.528,65.8444,17.2068,15.564,18.827,7.5872,6.6755,8.2778,152.993,8.6533,17386.583,192.466,10.7953,34.1488,39.8726,27.819,104.8937,133.272,74.9689,41.6178,53.1513,29.3604,91.2784,119.0459,62.1876,-646.941,-0.463
China,2016,1399808.851,1404052.632,718222.772,685829.86,146.2555,104.7232,35.9853,8640.622,6.155,8487.562,0.605,114.5698,18329.285,410.545,13.055,1.7719,0.8104,28.18,114.5,9688.663,5500.205,4188.458,6.9,77.214,74.5752,80.0523,63.2587,60.6598,66.0408,17.3222,15.6406,18.9793,7.6366,6.7061,8.3467,146.503,8.0413,18201.516,183.255,10.0382,32.7064,38.2584,26.5548,102.4194,130.5281,72.7644,40.5994,51.921,28.5453,89.7282,117.2605,60.8553,-153.056,-0.109
China,2017,1408296.413,1412354.727,722262.972,690091.755,147.1203,104.6619,36.2788,8211.24,5.814,8116.628,0.575,120.5473,18260.492,384.698,12.929,1.7953,0.8265,28.286,113.3,10049.252,5779.955,4269.296,7.115,77.2353,74.4481,80.2701,63.2086,60.4592,66.1903,17.2904,15.4875,19.0938,7.6047,6.6007,8.3935,136.486,7.4713,18142.382,170.302,9.3271,31.7894,37.5365,25.4097,101.9591,131.3653,70.867,40.4666,52.2602,27.8724,90.127,118.9755,59.7901,-94.625,-0.067
China,2018,1416413.041,1419008.956,725405.723,693603.233,147.8134,104.5851,36.621,5390.044,3.798,5191.83,0.366,85.41635,15357.072,322.778,10.822,1.5387,0.7072,28.485,113.9,9967.028,5665.064,4301.964,7.024,77.709,75.0345,80.5735,63.615,60.9742,66.432,17.565,15.8155,19.2778,7.7513,6.7907,8.4925,109.57,6.9578,15264.68,141.043,8.6903,29.9574,35.1219,24.2118,97.2746,124.5825,68.4632,38.4042,49.1214,26.9481,86.2811,113.0852,58.1451,-198.206,-0.14
China,2019,1421604.871,1423520.357,727474.139,696046.218,148.2834,104.5152,37.0262,4487.062,3.152,3830.973,0.269,85.41635,14615.866,305.409,10.267,1.4961,0.688,28.563,113.9,10128.804,5731.211,4397.592,7.115,77.9396,75.3033,80.7471,63.7854,61.1797,66.5498,17.6726,15.9317,19.3645,7.8015,6.8561,8.5307,95.477,6.4883,14533.957,124.101,8.1101,28.7247,33.5907,23.2973,94.7902,121.2262,66.9115,37.3202,47.5071,26.4096,84.5322,110.5061,57.2701,-656.091,-0.461
China,2020,1425435.844,1426106.093,728451.612,697654.481,148.5527,104.4144,37.4937,1432.084,1.004,1340.498,0.094,85.41635,11843.469,246.88,8.305,1.2357,0.576,28.87,111.2,10411.385,5959.604,4451.781,7.301,78.0191,75.245,80.9992,63.8096,61.0635,66.7505,17.7192,15.887,19.514,7.8276,6.8231,8.617,73.954,6.0516,11781.627,99.296,7.5716,27.8637,32.8397,22.3114,94.6928,122.8918,64.8829,37.3719,48.2891,25.6525,85.1147,112.8884,55.8697,-91.577,-0.064
China,2021,1426776.342,1426437.267,728193.406,698243.862,148.5872,104.2893,38.0066,-298.402,-0.209,-678.15,-0.048,85.41635,10461.124,219.352,7.334,1.1174,0.5233,28.944,110.4,10759.526,6046.016,4713.511,7.543,78.1166,75.4857,80.9125,63.8531,61.2483,66.6133,17.7286,15.9827,19.4182,7.7207,6.8445,8.399,60.185,5.6509,10410.165,82.068,7.0779,26.6163,31.2256,21.4607,93.7734,120.2702,65.7929,36.5714,46.5924,25.7895,84.8541,110.9578,57.3852,-379.749,-0.266
China,2022,1426098.192,1425179.569,727090.906,698088.664,148.4562,104.1545,38.5341,-1543.409,-1.083,-1837.246,-0.129,85.41635,9455.32,201.628,6.634,1.0344,0.4841,29.031,110.6,10998.729,6276.218,4722.512,7.717,78.2021,75.4673,81.1329,63.9184,61.2112,66.8115,17.7014,15.8316,19.5354,7.7688,6.7416,8.5897,51.091,5.3257,9411.944,72.37,6.8945,26.3182,30.9286,21.1427,90.6699,116.8742,62.9755,35.3446,44.9923,24.9289,81.9755,107.7522,54.8314,-293.846,-0.206
China,2023,1424260.946,1422584.933,725223.289,697361.644,148.1859,103.9953,39.0659,-2784.296,-1.957,-3352.027,-0.236,85.41635,8899.881,196.071,6.256,0.9995,0.4673,29.018,110.8,11684.177,6671.23,5012.947,8.213,77.9529,75.2005,80.9261,63.687,60.9711,66.6118,17.4537,15.5499,19.3441,7.517,6.4456,8.3966,45.791,5.1015,8860.792,70.824,7.1916,26.5276,31.2052,21.2565,91.193,117.3357,63.5171,35.0446,44.5008,24.8037,82.2617,107.8619,55.2715,-567.724,-0.399
China,2024,1420908.919,1419321.278,723023.723,696297.555,147.846,103.8383,39.5875,-2856.292,-2.012,-3175.283,-0.224,85.41635,8822.056,199.138,6.216,1.013,0.474,29.151,110.3,11678.348,6609.641,5068.706,8.228,78.0171,75.2493,80.9661,63.8509,61.1294,66.7389,17.7353,15.8978,19.5019,7.835,6.836,8.6084,56.348,6.3795,8773.457,73.163,7.9761,28.5101,33.7552,22.573,94.3987,121.7885,65.2486,37.2251,47.7375,25.7933,84.2918,111.0216,55.9733,-318.992,-0.225
India,2011,1252452.165,1261224.954,652190.186,609034.769,424.1992,107.0859,23.9493,17792.593,14.108,17545.579,1.391,49.8309,26681.991,2416.191,21.156,2.5322,1.1118,26.192,109.5,8889.398,4835.971,4053.427,7.048,67.6228,66.0941,69.2802,57.0574,55.2805,58.9988,14.4207,13.6627,15.1414,6.7413,6.5137,6.9281,1157.712,43.29,25728.698,1465.55,54.6862,108.1651,113.1257,102.89,234.809,265.948,200.7239,92.1635,110.5964,72.0764,183.2589,218.148,144.819,-247.017,-0.196
India,2012,1269997.744,1278674.502,661116.668,617557.834,430.0682,107.0534,24.2652,17552.458,13.727,17353.517,1.357,51.0794,26432.416,2355.038,20.672,2.4699,1.091,26.146,109.2,8879.958,4832.646,4047.312,6.945,68.0763,66.5438,69.735,57.2795,55.5221,59.1944,14.5586,13.8012,15.2772,6.8477,6.6099,7.0417,1088.642,41.0892,25527.736,1373.273,51.704,103.1443,108.3747,97.5512,229.8844,260.4047,196.5301,89.7798,107.9102,70.0393,181.0577,214.9636,143.7878,-198.935,-0.156
India,2013,1287351.261,1295829.511,669876.676,625952.834,435.8381,107.0171,24.5883,17107.869,13.202,16956.499,1.309,52.9524,25995.998,2117.068,20.061,2.3992,1.0654,26.228,109.1,8888.129,4835.967,4052.161,6.859,68.499,66.9697,70.1513,57.4863,55.7548,59.3683,14.687,13.9335,15.4009,6.9527,6.705,7.1536,1017.494,39.0014,25144.116,1281.925,48.9344,98.4234,103.8921,92.5474,225.3352,255.1216,192.832,87.4708,105.2628,68.1103,179.0446,211.8692,143.0432,-151.372,-0.117
India,2014,1304307.76,1312277.191,678266.11,634011.081,441.3701,106.9802,24.9252,16166.126,12.319,15938.863,1.215,57.0492,25050.538,1736.984,19.089,2.2935,1.0228,26.533,109.1,8884.412,4829.543,4054.87,6.77,68.9323,67.416,70.5671,57.6948,55.9988,59.5328,14.8051,14.0605,15.5106,7.0533,6.7981,7.2592,930.448,36.8847,24267.419,1172.69,46.0808,93.4965,99.1215,87.429,220.4242,249.3223,188.9398,84.9692,102.3177,66.1001,176.7614,208.3535,142.1892,-227.263,-0.173
India,2015,1320246.623,1328024.498,686298.736,641725.761,446.6665,106.9458,25.2708,16210.828,12.207,15555.749,1.171,59.1928,25147.251,1104.747,18.936,2.2887,1.0248,26.986,109.0,8936.423,4851.31,4085.113,6.729,69.326,67.8267,70.9399,57.882,56.2235,59.6751,14.9053,14.1731,15.5996,7.1438,6.8839,7.3523,877.6,34.9057,24397.289,1098.966,43.4698,88.9447,94.7078,82.7094,215.8511,243.8819,185.3525,82.5871,99.5247,64.1679,174.5922,205.0081,141.3712,-655.085,-0.493
India,2016,1335802.372,1343944.296,694417.091,649527.205,452.021,106.9112,25.6132,16202.614,12.056,16283.848,1.212,57.1904,25207.147,889.944,18.756,2.284,1.0272,27.466,108.8,9004.533,4879.168,4125.365,6.7,69.7091,68.2312,71.2975,58.0668,56.4486,59.8124,14.9947,14.2771,15.676,7.2253,6.9632,7.4347,832.164,33.0146,24490.706,1034.488,40.9777,84.5088,90.3488,78.1741,211.1568,238.3085,181.6507,80.1362,96.6315,62.1975,172.1963,201.4511,140.2995,81.248,0.06
India,2017,1352086.22,1359657.4,702419.096,657238.304,457.3059,106.8743,25.9609,15393.993,11.322,15142.36,1.114,62.2215,24466.744,937.068,17.995,2.1934,0.9912,27.535,108.6,9072.751,4907.555,4165.196,6.673,70.0676,68.6103,71.6324,58.2409,56.6598,59.9442,15.0725,14.3696,15.7411,7.2962,7.0344,7.5046,768.099,31.2391,23804.081,955.501,38.6664,80.3705,86.2561,73.9734,206.5762,232.9597,177.9312,77.7768,93.8716,60.2697,169.7408,197.9863,138.9882,-251.642,-0.185
India,2018,1367228.58,1374659.064,710050.158,664608.906,462.3516,106.8373,26.3131,15450.757,11.24,14860.968,1.081,64.1209,24620.205,941.198,17.91,2.1843,0.9918,27.534,108.4,9169.448,4953.379,4216.068,6.67,70.4152,68.9732,71.9635,58.4137,56.8622,60.0837,15.1427,14.4526,15.801,7.3568,7.0968,7.5632,727.372,29.5615,23985.007,899.927,36.486,76.4234,82.3402,69.9815,201.8932,227.6962,173.896,75.4459,91.2007,58.3016,167.0674,194.523,137.2065,-589.794,-0.429
India,2019,1382089.548,1389030.312,717351.064,671679.248,467.1852,106.7996,26.6678,14860.501,10.698,13881.528,0.999,69.3841,24124.983,923.694,17.368,2.1203,0.9669,27.535,108.2,9264.482,5001.016,4263.466,6.67,70.7463,69.3121,72.2871,58.5844,57.0534,60.2324,15.2056,14.5253,15.857,7.405,7.1492,7.6076,677.733,28.0056,23531.725,837.527,34.4876,72.7609,78.6865,66.3007,197.1832,222.6379,169.5737,73.1875,88.6599,56.3419,164.1912,191.1199,134.9258,-978.969,-0.705
India,2020,1395971.076,1402617.695,724175.468,678442.228,471.7552,106.7409,27.0239,13367.053,9.53,13293.239,0.948,73.1168,23485.339,899.984,16.744,2.0468,0.9375,27.534,107.9,10118.286,5549.728,4568.558,7.214,70.1563,68.5289,71.938,57.8076,56.088,59.6925,14.4804,13.5855,15.3694,6.9153,6.5098,7.2519,625.665,26.5391,22934.934,774.069,32.6054,67.8277,73.2842,61.8775,201.7262,229.2219,171.8916,71.4694,86.6108,54.993,170.8218,199.7139,139.4246,-73.806,-0.053
India,2021,1409264.315,1414203.896,729924.103,684279.793,475.652,106.6704,27.3478,10228.068,7.232,9879.162,0.699,99.1627,23321.853,887.495,16.491,2.0136,0.9246,27.534,107.7,13093.785,7025.169,6068.616,9.259,67.2823,65.8699,68.8345,54.6772,53.1923,56.3103,12.472,11.8566,13.0769,5.9788,5.6581,6.2413,587.418,25.1585,22800.952,724.075,30.8409,73.1946,80.1748,65.5663,247.119,277.8585,213.4904,92.416,111.3958,71.6554,219.6436,251.7358,184.4982,-348.916,-0.247
India,2022,1419143.477,1425423.212,735531.456,689891.756,479.4255,106.6155,27.6842,13912.947,9.76,12559.471,0.881,78.6773,23286.125,874.059,16.336,1.9936,0.9198,27.534,107.5,9373.178,5065.907,4307.271,6.576,71.6984,70.2368,73.2706,59.1107,57.5836,60.7548,15.3828,14.7061,16.0351,7.5037,7.2619,7.6933,555.885,23.8624,22790.367,682.13,29.1967,62.9705,68.8949,56.5012,182.6147,208.2294,154.8595,66.7853,81.7314,50.4922,154.4677,181.1362,125.543,-1353.478,-0.95
India,2023,1431702.948,1438069.596,741883.264,696186.332,483.679,106.5639,28.0598,13712.481,9.535,12733.296,0.885,78.3217,23219.489,858.72,16.146,1.9754,0.9146,27.534,107.3,9507.008,5145.281,4361.727,6.611,72.0026,70.5225,73.5977,59.2878,57.7509,60.9451,15.4422,14.7612,16.102,7.528,7.2912,7.7151,525.425,22.6186,22748.701,642.598,27.6201,60.0451,65.9595,53.5844,177.8018,203.6745,149.7593,64.7958,79.6238,48.6208,151.1017,177.9135,122.0207,-979.179,-0.681
India,2024,1444436.244,1450935.791,748323.427,702612.364,488.0064,106.5059,28.4413,13629.928,9.394,12999.094,0.896,77.3602,23186.978,790.988,15.981,1.9622,0.9071,27.608,107.1,9557.05,5186.874,4370.177,6.587,72.2353,70.729,73.8556,59.6131,58.0466,61.2992,15.7803,15.0573,16.4798,7.6218,7.344,7.8449,524.88,22.6273,22716.683,654.575,28.1953,63.4388,69.2567,57.0832,177.1183,202.4438,149.6896,67.1545,81.6418,51.3403,149.3457,175.63,120.8579,-630.83,-0.435
Germany,2011,80803.434,80857.874,39432.27,41425.604,231.9769,95.1882,43.6316,-186.411,-2.305,108.879,0.135,85.41635,668.838,17.193,8.272,1.3849,0.6691,30.451,105.3,855.249,409.709,445.54,10.577,80.3549,77.7684,82.8273,65.7641,63.1989,68.2104,19.3017,17.5144,20.8037,8.6884,7.723,9.2302,2.411,3.5875,666.78,2.898,4.2763,16.8941,21.5196,12.1518,80.7996,103.758,57.4028,28.6287,37.2293,19.8111,75.982,98.6488,52.9184,295.282,3.652
Germany,2012,80912.313,80916.39,39546.791,41369.599,232.1448,95.5938,44.0758,-190.981,-2.361,8.155,0.01,85.41635,681.427,16.359,8.421,1.4049,0.6789,30.56,105.4,872.408,418.187,454.221,10.782,80.5017,77.9669,82.9415,65.8759,63.3628,68.2894,19.3158,17.5771,20.796,8.6367,7.6961,9.1903,2.245,3.3017,679.498,2.68,3.9212,15.7751,20.1106,11.3122,77.9249,100.2207,55.1761,27.4337,35.7262,18.9188,73.5177,95.5066,51.1173,199.143,2.461
Germany,2013,80920.468,81041.582,39699.059,41342.522,232.504,96.0248,44.4874,-220.164,-2.716,242.227,0.299,85.41635,679.66,15.419,8.387,1.4149,0.6837,30.705,105.3,899.824,433.46,466.364,11.103,80.454,77.9832,82.8579,65.8304,63.3821,68.2073,19.263,17.5567,20.7417,8.6008,7.6866,9.1586,2.246,3.3042,677.735,2.681,3.9437,15.8412,19.8065,11.7374,77.9504,99.4194,55.8563,27.192,34.9641,19.1542,73.5159,94.6832,51.7623,462.384,5.706
Germany,2014,81162.695,81376.08,39924.826,41451.255,233.4636,96.3175,44.733,-165.562,-2.035,426.77,0.524,132.28,710.76,15.528,8.734,1.4692,0.7101,30.82,105.4,876.322,426.36,449.962,10.769,80.9056,78.4242,83.3188,66.2707,63.8093,68.6598,19.6303,17.9208,21.112,8.8866,7.9563,9.4645,2.305,3.2579,708.775,2.71,3.8463,15.2774,19.4244,10.9662,74.9657,95.7015,53.5497,26.1492,34.0276,17.9863,70.6753,91.1273,49.5788,592.338,7.279
Germany,2015,81589.465,82077.55,40401.847,41675.704,235.4761,96.9434,44.8125,-199.118,-2.425,976.171,1.189,58.2967,732.501,16.04,8.925,1.5007,0.725,30.87,105.3,931.619,453.523,478.096,11.35,80.5658,78.1259,82.9717,65.9374,63.5064,68.3317,19.332,17.6546,20.8177,8.6569,7.7719,9.2307,2.401,3.2851,730.438,2.858,3.9343,15.8366,19.8167,11.6778,76.0378,96.9849,54.3441,26.821,34.8001,18.536,71.6587,92.4624,50.1299,1175.283,14.319
Germany,2016,82565.636,82760.102,40841.79,41918.312,237.4343,97.4319,44.8162,-128.551,-1.553,388.933,0.47,85.41635,788.207,18.365,9.524,1.5911,0.7698,30.86,105.1,916.758,452.167,464.591,11.077,80.8371,78.3809,83.2635,66.2343,63.7999,68.6346,19.5862,17.8747,21.1062,8.9074,7.991,9.5106,2.753,3.5165,785.83,3.212,4.1412,15.7543,19.7864,11.4601,74.8155,94.9409,53.8615,26.3133,33.9406,18.3103,70.1432,89.9632,49.5313,517.48,6.253
Germany,2017,82954.569,83104.007,41022.496,42081.511,238.421,97.4834,44.8888,-154.108,-1.854,298.876,0.36,85.41635,784.399,16.376,9.439,1.5696,0.7589,31.001,105.3,938.507,461.856,476.652,11.293,80.9371,78.559,83.288,66.2999,63.9344,68.6355,19.5552,17.8783,21.0555,8.8694,7.9814,9.4689,2.54,3.2327,782.225,2.982,3.8111,15.0723,18.7084,11.2036,71.9107,90.9779,52.1101,25.344,32.5582,17.7997,67.6371,86.5167,48.0474,452.988,5.451
Germany,2018,83253.445,83368.506,41163.696,42204.81,239.1798,97.5332,44.9278,-173.787,-2.085,230.121,0.276,85.41635,787.696,14.851,9.448,1.5656,0.7565,31.125,105.4,961.483,474.262,487.221,11.533,80.8747,78.5103,83.2277,66.2401,63.8958,68.5693,19.5217,17.8712,21.0098,8.8831,8.0236,9.4765,2.502,3.174,785.553,2.995,3.8023,15.1271,18.7477,11.2631,72.2536,91.4959,52.2524,25.5287,32.7033,18.0256,67.9412,86.9003,48.2568,403.908,4.845
Germany,2019,83483.566,83559.186,41261.516,42297.67,239.7268,97.5503,44.9036,-167.843,-2.009,151.241,0.181,85.41635,778.799,13.634,9.32,1.5409,0.7446,31.215,105.4,946.642,470.12,476.522,11.329,81.1893,78.827,83.5394,66.5532,64.2145,68.8757,19.7444,18.0806,21.2487,9.0942,8.2339,9.6957,2.489,3.1888,776.67,2.955,3.7739,14.8521,18.4533,11.006,69.7301,88.2194,50.5164,24.8772,32.2002,17.2298,65.4425,83.6072,46.5898,319.082,3.819
Germany,2020,83634.807,83628.708,41291.235,42337.474,239.9263,97.5288,44.8758,-215.655,-2.579,-12.197,-0.015,85.41635,775.194,12.359,9.269,1.5315,0.7399,31.315,105.5,990.849,496.737,494.112,11.848,81.0036,78.5967,83.425,66.3419,63.9433,68.7527,19.5381,17.8367,21.1005,8.937,8.0481,9.5794,2.376,3.0613,773.161,2.783,3.5694,14.5548,18.1692,10.6993,69.9618,89.1313,50.0415,25.2143,32.6646,17.446,65.974,84.9991,46.2179,203.468,2.433
Germany,2021,83622.61,83697.083,41319.353,42377.729,240.1225,97.5025,44.9232,-161.323,-1.927,148.945,0.178,85.41635,795.669,11.612,9.507,1.5767,0.7614,31.429,105.5,956.992,493.067,463.925,11.434,81.1059,78.5542,83.6877,66.4481,63.9088,69.0145,19.8077,18.0026,21.4711,9.5861,8.6359,10.2695,2.401,3.0288,793.604,2.827,3.5622,14.8703,18.601,10.8875,72.7833,93.1121,51.6459,26.3342,34.3077,18.0354,68.7595,88.8978,47.8379,310.264,3.707
Germany,2022,83771.555,84086.227,41511.584,42574.644,241.2389,97.5031,45.0235,-352.207,-4.189,629.344,0.748,92.6667,730.553,10.286,8.688,1.46,0.7047,31.463,105.6,1082.76,543.991,538.769,12.877,80.5796,78.0766,83.1408,65.9611,63.4734,68.504,19.2982,17.6104,20.8687,8.7315,7.9312,9.318,2.31,3.1211,728.599,2.938,3.9109,15.6591,19.6754,11.3639,73.8735,95.7167,51.1176,26.3449,35.1441,17.1793,69.3501,90.9746,46.8432,981.552,11.673
Germany,2023,84400.899,84548.231,41745.842,42802.388,242.5644,97.5316,45.1468,-314.891,-3.724,294.664,0.349,85.41635,719.249,10.173,8.507,1.4414,0.6962,31.466,105.6,1034.14,517.674,516.466,12.231,81.3777,79.0169,83.7559,66.7147,64.3749,69.0682,19.8195,18.1764,21.3324,9.058,8.2424,9.6606,2.144,2.9693,717.42,2.563,3.4993,13.7168,17.0856,10.1087,67.3844,86.1841,47.8729,23.437,30.6521,15.9218,63.4174,81.9286,44.2278,609.553,7.21
Germany,2024,84695.563,84552.242,41753.038,42799.204,242.5759,97.5556,45.2868,-323.591,-3.827,-286.642,-0.339,85.41635,717.268,9.771,8.483,1.4481,0.6993,31.555,105.6,1040.859,522.098,518.761,12.31,81.5387,79.214,83.8783,66.8664,64.5582,69.1863,19.9961,18.3701,21.4944,9.1084,8.268,9.7413,2.026,2.8208,715.535,2.471,3.403,13.8211,17.258,10.1317,67.9049,86.2591,48.8644,23.7455,30.6477,16.5284,64.0558,82.1762,45.2769,36.954,0.437
Brazil,2011,194494.79,195284.734,96587.069,98697.665,23.3646,97.8616,28.6528,1815.74,9.298,1579.889,0.809,85.6795,2956.872,538.556,15.141,1.7768,0.8464,26.563,104.5,1141.132,652.925,488.207,5.843,74.0473,70.6542,77.5322,60.6118,57.3253,63.9662,17.2026,15.8913,18.3254,7.9069,7.4923,8.1716,46.861,15.8434,2915.517,53.869,18.1788,63.867,87.927,39.016,167.4348,219.6152,113.5423,79.641,112.9537,45.4737,149.3833,200.6271,96.7624,-235.86,-1.208
Brazil,2012,196074.679,196876.112,97333.272,99542.84,23.555,97.7803,29.1115,1782.566,9.054,1602.865,0.814,85.1532,2940.339,535.01,14.935,1.7662,0.842,26.629,104.5,1157.773,661.154,496.619,5.881,74.3346,70.9451,77.8161,60.8416,57.5565,64.1954,17.361,16.0576,18.4804,8.0153,7.6095,8.2733,44.794,15.2279,2900.869,51.332,17.4268,62.7474,86.7996,37.8871,164.1585,215.8615,110.7778,78.4721,111.6069,44.4767,146.7668,197.5332,94.6464,-179.707,-0.913
Brazil,2013,197677.544,198478.3,98085.091,100393.208,23.7467,97.7009,29.569,1758.745,8.861,1601.511,0.807,85.8918,2934.515,533.707,14.785,1.7612,0.8403,26.686,104.5,1175.77,669.165,506.605,5.924,74.6093,71.2456,78.0616,61.0729,57.8115,64.4004,17.5103,16.2159,18.6253,8.1135,7.7114,8.3691,43.288,14.7506,2896.4,49.56,16.8734,61.6449,85.4815,36.9946,160.9086,211.6723,108.542,77.1603,109.8322,43.6384,144.0152,193.8429,92.8952,-157.228,-0.792
Brazil,2014,199279.055,200085.127,98839.567,101245.56,23.939,97.6236,30.0227,1757.877,8.786,1612.144,0.806,85.9984,2957.978,529.518,14.784,1.7746,0.847,26.78,104.5,1200.101,681.632,518.469,5.998,74.8225,71.4618,78.2726,61.2488,57.989,64.5759,17.6169,16.3104,18.7476,8.1828,7.7732,8.4444,42.383,14.3445,2920.652,48.441,16.4038,60.799,84.5328,36.2351,158.1764,208.2284,106.5695,76.0618,108.3115,42.9621,141.7069,190.8156,91.3453,-145.732,-0.728
Brazil,2015,200891.199,201675.532,99587.454,102088.079,24.1292,97.5505,30.4714,1742.28,8.639,1568.666,0.778,89.0935,2961.442,514.826,14.684,1.777,0.8488,26.889,104.5,1219.162,687.976,531.186,6.045,75.1064,71.8184,78.4725,61.4941,58.3043,64.7411,17.7284,16.4451,18.8389,8.2355,7.8223,8.5012,41.431,13.9942,2925.014,47.318,15.9988,59.1337,82.1715,35.2899,153.9895,202.4255,104.1334,73.8817,105.2221,41.733,137.9598,185.4649,89.3181,-173.611,-0.861
Brazil,2016,202459.865,203218.114,100309.738,102908.376,24.3138,97.4748,30.9195,1609.483,7.92,1516.497,0.746,92.9152,2874.734,482.735,14.146,1.7275,0.8253,26.986,104.5,1265.251,716.381,548.87,6.226,75.0805,71.7159,78.5392,61.4423,58.1728,64.7852,17.7041,16.3361,18.901,8.2514,7.7992,8.5467,39.495,13.6909,2840.164,45.26,15.6521,59.0603,82.2367,35.044,154.0333,202.5764,104.0508,74.0394,105.1212,42.1258,138.2904,185.9171,89.5039,-92.989,-0.458
Brazil,2017,203976.362,204703.445,101001.719,103701.727,24.4915,97.3964,31.367,1610.462,7.867,1454.166,0.71,97.6264,2891.049,462.241,14.123,1.7399,0.8316,27.156,104.5,1280.587,720.632,559.955,6.256,75.3835,72.0692,78.7812,61.7305,58.512,65.0119,17.8112,16.4783,18.9743,8.2479,7.7943,8.5477,38.839,13.4449,2856.927,44.636,15.4229,58.3126,81.7376,34.0165,148.3579,195.5486,99.7683,71.7731,102.7206,39.9659,132.7474,178.9903,85.3768,-156.296,-0.764
Brazil,2018,205430.528,206107.26,101654.523,104452.738,24.6595,97.3211,31.8129,1583.797,7.685,1353.465,0.657,105.5019,2889.976,435.963,14.022,1.7445,0.8341,27.36,104.5,1306.179,733.387,572.792,6.337,75.6335,72.3649,78.9774,61.9517,58.7731,65.1863,17.8467,16.4594,19.064,8.2227,7.7248,8.558,38.092,13.1824,2856.553,43.691,15.1052,55.3456,76.8776,33.0519,144.223,189.8614,97.4035,68.5863,97.5276,38.9222,128.9329,173.671,83.2655,-230.334,-1.118
Brazil,2019,206783.993,207455.46,102280.732,105174.727,24.8208,97.2484,32.2562,1472.156,7.096,1342.933,0.647,107.1325,2810.666,401.196,13.548,1.7049,0.8153,27.499,104.5,1338.51,746.041,592.469,6.452,75.8093,72.653,79.0226,62.1075,59.0404,65.2132,17.8303,16.4139,19.076,8.1573,7.6099,8.533,36.49,12.9406,2778.774,41.917,14.8138,53.0348,72.542,32.8747,140.7853,183.8607,96.7875,65.9608,92.4897,38.8536,125.7001,167.8556,82.8596,-129.216,-0.623
Brazil,2020,208126.926,208660.842,102844.473,105816.37,24.965,97.1915,32.6837,1146.264,5.493,1067.833,0.512,135.3803,2711.546,367.335,12.995,1.6528,0.7905,27.584,104.5,1565.282,843.53,721.753,7.502,74.5058,71.5375,77.5989,60.7289,57.847,63.7199,16.7793,15.5907,17.8905,7.3335,7.3373,7.3937,34.574,12.6952,2681.38,39.747,14.498,53.6995,72.7909,33.9743,152.7737,198.1305,106.4091,71.2289,98.2117,43.6671,138.5436,183.0919,93.221,-78.437,-0.376
Brazil,2021,209194.759,209550.294,103236.465,106313.829,25.0714,97.1054,33.0917,919.657,4.388,711.07,0.339,85.41635,2672.684,348.156,12.754,1.638,0.7824,27.635,104.5,1753.027,980.394,772.633,8.366,73.0377,69.8099,76.4015,59.2203,56.0648,62.4963,16.4646,14.9375,17.8513,7.7146,7.11,8.1515,33.398,12.4748,2643.481,38.396,14.2442,59.0864,78.4568,39.0795,185.7345,234.5659,135.621,87.4818,116.8245,57.4852,172.233,220.4594,122.9513,-208.581,-0.995
Brazil,2022,209905.829,210306.415,103548.935,106757.48,25.1619,96.9945,33.5065,1054.81,5.016,801.171,0.381,85.41635,2640.391,321.966,12.555,1.6292,0.7791,27.806,104.5,1585.581,879.03,706.552,7.539,74.8719,71.7297,78.0944,61.064,57.9992,64.1928,17.2345,15.8075,18.5046,7.4577,6.8138,7.9363,32.52,12.3,2611.957,37.481,14.0936,54.9219,74.5549,34.5924,153.7988,198.3213,108.2454,73.6287,101.284,45.3044,140.0219,183.7926,95.4367,-253.639,-1.206
Brazil,2023,210707.0,211140.729,103913.061,107227.668,25.2617,96.9088,33.9418,1107.516,5.245,867.458,0.411,85.41635,2601.67,316.015,12.322,1.6191,0.7749,27.813,104.5,1494.154,824.908,669.246,7.077,75.8482,72.7605,78.9829,62.0218,59.013,65.0614,17.7942,16.3885,19.0258,7.7691,7.1297,8.235,31.406,12.0521,2574.233,36.057,13.7702,52.4556,71.5713,32.6473,141.2074,183.2205,98.2979,67.9146,94.1719,41.0112,127.631,168.8365,85.7346,-240.059,-1.137
Brazil,2024,211574.458,211998.574,104295.118,107703.455,25.3643,96.8354,34.3821,1073.737,5.065,848.231,0.4,85.41635,2572.1,302.905,12.133,1.6143,0.7722,27.915,104.5,1498.363,822.793,675.57,7.068,76.023,72.9503,79.1452,62.2345,59.22,65.2849,18.0665,16.7926,19.1708,8.3529,7.9319,8.6497,30.795,11.9584,2545.192,35.507,13.7296,53.504,73.8799,32.3407,141.1064,184.4048,96.7347,67.8434,95.7691,39.1177,127.0601,169.8039,83.419,-225.51,-1.064
United States of America,2011,312598.38,314105.078,156786.614,157318.464,34.3375,99.6619,36.0079,1389.363,4.424,3013.396,0.959,72.2781,3942.528,329.029,12.552,1.8794,0.9048,28.478,104.9,2553.165,1282.753,1270.412,8.128,78.7023,76.3208,81.0652,64.3515,62.0113,66.6658,19.2004,17.8415,20.3614,9.0219,8.1842,9.5883,23.834,6.0359,3921.996,28.187,7.0866,32.2826,41.3069,22.629,113.0631,140.1478,84.8699,49.4786,63.0544,35.0703,105.5524,132.1449,77.9263,1624.033,5.17
United States of America,2012,315611.776,317115.355,158465.878,158649.476,34.6665,99.8843,36.09,1375.151,4.337,3007.157,0.948,73.1168,3942.569,301.275,12.433,1.8618,0.8973,28.62,104.7,2567.418,1297.499,1269.918,8.096,78.8169,76.4446,81.1808,64.4585,62.1277,66.7736,19.3064,17.9601,20.4641,9.0972,8.2782,9.6551,23.588,5.9812,3922.225,27.887,7.0322,32.0793,41.0674,22.4533,112.4709,139.2274,84.5315,48.8535,62.2483,34.607,105.0584,131.32,77.6865,1632.007,5.146
United States of America,2013,318618.933,320110.759,160131.142,159979.617,34.994,100.0947,36.1746,1319.768,4.123,2983.652,0.932,74.372,3930.896,270.099,12.28,1.8396,0.8858,28.779,104.9,2611.128,1327.965,1283.164,8.157,78.8175,76.4462,81.1938,64.4527,62.1243,66.7791,19.3135,17.9647,20.4852,9.1139,8.2985,9.6781,23.279,5.918,3910.83,27.382,6.9342,31.9917,40.9045,22.4342,112.624,139.1329,84.8522,48.8561,62.2014,34.636,105.2836,131.2853,78.0922,1663.885,5.198
United States of America,2014,321602.585,323115.377,161794.258,161321.12,35.3224,100.2933,36.2741,1352.979,4.187,3025.584,0.936,74.0542,3984.348,246.045,12.331,1.8483,0.8903,28.949,104.8,2631.369,1347.985,1283.385,8.144,78.8785,76.5014,81.2707,64.5021,62.1663,66.8459,19.4346,18.0727,20.6262,9.2325,8.4161,9.8027,23.201,5.8323,3964.308,27.036,6.7888,32.4203,41.5093,22.6591,113.4503,139.5724,85.9955,49.4007,62.717,35.1764,106.2551,131.8758,79.3728,1672.598,5.176
United States of America,2015,324628.169,326126.497,163455.402,162671.094,35.6516,100.4821,36.3866,1274.523,3.908,2996.655,0.919,75.4241,3982.193,225.274,12.211,1.8322,0.8818,29.11,104.8,2707.67,1391.755,1315.915,8.303,78.7219,76.3343,81.1452,64.3535,62.0059,66.73,19.3804,18.0453,20.5588,9.1812,8.4007,9.733,23.371,5.8668,3962.043,27.359,6.8636,34.1398,43.9119,23.626,115.3791,142.0811,87.1554,51.1445,65.2443,36.0347,108.0886,134.3118,80.4125,1722.127,5.281
United States of America,2016,327624.824,329179.426,165136.242,164043.184,35.9854,100.6663,36.5088,1220.077,3.706,3109.205,0.945,73.3489,3952.809,207.266,12.008,1.8041,0.8682,29.27,104.7,2732.732,1418.212,1314.52,8.302,78.686,76.2343,81.1928,64.3169,61.9008,66.7822,19.5275,18.1793,20.7237,9.328,8.5484,9.883,23.084,5.8323,3932.927,27.142,6.8431,36.5654,47.281,25.0116,118.4467,146.2149,88.8884,54.2038,69.6831,37.5566,111.1829,138.5347,82.103,1889.129,5.739
United States of America,2017,330734.029,332204.66,166798.058,165406.601,36.3161,100.8412,36.6497,1076.533,3.241,2941.261,0.885,78.3217,3872.48,192.789,11.657,1.7532,0.8434,29.386,104.8,2795.947,1456.698,1339.249,8.416,78.6483,76.1855,81.1834,64.2675,61.8467,66.7536,19.5037,18.1659,20.7008,9.2966,8.5257,9.8564,22.198,5.714,3853.402,26.084,6.6809,37.0058,48.0719,25.0609,118.7185,146.8896,88.5881,54.9768,70.9196,37.7972,111.583,139.258,82.0204,1864.738,5.613
United States of America,2018,333675.29,335056.498,168358.724,166697.774,36.6278,100.9964,36.8178,997.449,2.977,2762.415,0.824,84.1198,3816.077,180.736,11.389,1.7146,0.8258,29.505,104.6,2818.628,1476.858,1341.771,8.412,78.7997,76.335,81.3472,64.4058,61.9847,66.9029,19.5846,18.2352,20.8021,9.3745,8.6257,9.9235,21.309,5.5708,3797.755,25.144,6.5286,36.0426,46.5862,24.6618,117.0109,145.0196,86.9924,54.0234,69.6366,37.1908,110.0262,137.5262,80.5872,1764.961,5.268
United States of America,2019,336437.705,337790.067,169847.31,167942.756,36.9267,101.134,37.0024,930.222,2.754,2704.723,0.801,86.5352,3772.693,172.214,11.169,1.6839,0.8108,29.586,104.7,2842.471,1495.895,1346.576,8.415,78.916,76.4542,81.4688,64.5179,62.0941,67.0266,19.6836,18.3355,20.9061,9.4399,8.6876,9.9973,20.922,5.535,3754.697,24.61,6.4664,36.0506,46.6629,24.5837,116.1037,144.1988,85.9052,54.1701,70.0552,37.0175,109.1709,136.8186,79.4833,1774.5,5.253
United States of America,2020,339142.428,339436.159,170710.103,168726.055,37.1066,101.1759,37.2259,257.7,0.76,587.461,0.173,85.41635,3641.99,157.671,10.73,1.6156,0.7767,29.676,104.7,3384.29,1801.403,1582.888,9.97,77.0115,74.3388,79.8738,62.5766,59.9394,65.3975,18.4572,17.0832,19.7468,8.6229,7.8878,9.1864,19.281,5.2664,3625.471,22.849,6.1789,42.146,55.4986,27.6618,135.6155,169.8915,98.3707,66.0294,86.3156,43.993,129.0779,162.9578,92.2989,329.769,0.972
United States of America,2021,339729.889,340161.441,171036.807,169124.634,37.1859,101.1306,37.4657,188.321,0.554,863.104,0.254,85.41635,3681.202,147.335,10.822,1.6339,0.7838,29.826,104.8,3492.881,1879.306,1613.575,10.268,76.3836,73.62,79.365,61.9768,59.2378,64.9291,18.4922,17.1,19.7985,8.8338,8.0549,9.4321,20.358,5.5378,3663.633,24.182,6.5384,46.758,61.1572,31.1257,150.7508,187.8158,110.2908,75.1599,97.6025,50.7281,143.9504,180.7705,103.7897,674.787,1.984
United States of America,2022,340592.993,341534.046,171672.742,169861.303,37.3359,101.0664,37.7204,563.077,1.649,1882.105,0.551,125.798,3750.379,147.668,10.981,1.665,0.8002,29.881,104.8,3187.302,1709.099,1478.203,9.332,77.9789,75.3309,80.7916,63.56,60.9423,66.3371,19.3722,17.9844,20.6575,9.2977,8.5361,9.8757,20.226,5.4062,3732.911,23.713,6.3369,39.7853,51.966,26.601,131.8312,164.4402,96.4978,61.2181,79.5433,41.359,125.178,157.4497,90.2404,1319.009,3.862
United States of America,2023,342475.098,343477.335,172588.71,170888.626,37.5484,100.9948,38.023,681.818,1.985,2004.474,0.584,118.6896,3657.476,143.762,10.648,1.6236,0.7813,29.898,104.9,2975.658,1577.361,1398.296,8.663,79.3043,76.8638,81.8486,64.8779,62.4731,67.3807,20.0029,18.673,21.2186,9.6083,8.8651,10.1698,19.398,5.2822,3640.836,22.684,6.1613,35.1006,45.527,23.8484,114.2789,142.0416,84.375,52.9832,68.5857,36.134,107.6969,135.0406,78.271,1322.668,3.851
United States of America,2024,344479.572,345426.571,173551.527,171875.044,37.7615,100.9754,38.289,607.88,1.76,1893.998,0.548,126.4867,3654.449,136.376,10.58,1.6221,0.7807,30.01,104.9,3046.569,1615.23,1431.339,8.82,79.4625,77.0454,81.9816,65.0127,62.6359,67.4855,19.9957,18.6606,21.2223,9.5604,8.7974,10.1451,18.094,4.948,3638.887,21.642,5.9001,34.1352,44.3822,23.0887,111.01,137.7141,82.274,51.3806,66.2642,35.3232,104.6819,130.9083,76.487,1286.132,3.723
